link,timestamp
https://pararius.com/apartment-for-rent/haarlem/c60a13ad/bellevuelaan, 02/01/2023 15:58:06
https://pararius.com/apartment-for-rent/haarlem/12477d5a/kinderhuissingel, 02/01/2023 15:58:06
https://pararius.com/apartment-for-rent/haarlem/cc90acc8/pieter-kiesstraat, 02/01/2023 15:58:06
https://pararius.com/apartment-for-rent/haarlem/39709a65/sandenburg, 02/01/2023 15:58:06
https://pararius.com/room-for-rent/haarlem/626e1063/oude-zijlvest, 02/01/2023 15:58:06
https://pararius.com/studio-for-rent/haarlem/ebb199a6/linschotenstraat, 02/01/2023 15:58:06
https://pararius.com/apartment-for-rent/haarlem/bc7d60ad/duvenvoordestraat, 02/01/2023 16:18:18
https://pararius.com/apartment-for-rent/haarlem/e093b1cf/jan-nieuwenhuijzenstraat, 02/01/2023 16:18:18
https://pararius.com/apartment-for-rent/haarlem/cad68287/vlamingstraat, 11/08/2023 15:32:43
https://pararius.com/apartment-for-rent/haarlem/8cafeb01/hagestraat, 11/08/2023 15:32:43
https://pararius.com/apartment-for-rent/haarlem/07585de7/gedempte-oude-gracht, 11/08/2023 15:32:43
https://pararius.com/apartment-for-rent/haarlem/e7c74410/tempeliersstraat, 11/08/2023 15:32:43
https://pararius.com/apartment-for-rent/haarlem/229fc257/drossestraat, 11/08/2023 15:32:43
https://pararius.com/apartment-for-rent/haarlem/9d4aca4d/westerhoutstraat, 11/08/2023 15:32:43
https://pararius.com/room-for-rent/haarlem/4bf50824/duvenvoordestraat, 11/08/2023 15:32:43
https://pararius.com/room-for-rent/haarlem/74b0c1c5/van-ostadestraat, 11/08/2023 15:32:43
https://pararius.com/en/project/haarlem/8feef540/elements-suriname/s5, 11/08/2023 15:32:43
https://pararius.com/en/project/haarlem/2bfe25aa/elements-suriname/s6, 11/08/2023 15:32:43
https://pararius.com/en/project/haarlem/7c2c28f5/elements-suriname/s10, 11/08/2023 15:32:43
https://pararius.com/en/project/haarlem/6b118f54/elements-suriname/s11, 11/08/2023 15:32:43
https://pararius.com/en/project/haarlem/b168bbe0/elements-amerika/a25, 11/08/2023 15:32:43
https://pararius.com/en/project/haarlem/2c9496fc/elements-amerika/a12, 11/08/2023 15:32:43
https://pararius.com/en/project/haarlem/415a6c75/elements-amerika/a32, 11/08/2023 15:32:43
https://pararius.com/en/project/haarlem/e6befbdc/elements-amerika/a36, 11/08/2023 15:32:43
https://pararius.com/en/project/haarlem/e98b5422/elements-amerika/a15, 11/08/2023 15:32:43
https://pararius.com/en/project/haarlem/26d1b7c6/elements-amerika/a13, 11/08/2023 15:32:43
https://pararius.com/en/project/haarlem/70e3e2f6/elements-amerika/a20, 11/08/2023 15:32:43
https://pararius.com/en/project/haarlem/21641a22/elements-amerika/a42, 11/08/2023 15:32:43
https://pararius.com/en/project/haarlem/91b1222c/elements-amerika/a10, 11/08/2023 15:32:43
https://pararius.com/en/project/haarlem/a7812790/elements-amerika/a37, 11/08/2023 15:32:43
https://pararius.com/en/project/haarlem/e9e471e7/elements-amerika/a65, 11/08/2023 15:32:43
https://pararius.com/en/project/haarlem/046e8bd3/elements-amerika/a61, 11/08/2023 15:32:43
https://pararius.com/en/project/haarlem/d2f3ef0f/elements-amerika/a38, 11/08/2023 15:32:43
https://pararius.com/en/project/haarlem/4e002e9e/elements-amerika/a67, 11/08/2023 15:32:43
https://pararius.com/apartment-for-rent/haarlem/781157f4/generaal-de-wetstraat, 11/08/2023 15:32:43
https://pararius.com/apartment-for-rent/haarlem/6826565e/generaal-joubertstraat, 11/08/2023 15:32:43
https://pararius.com/apartment-for-rent/haarlem/3526616d/rustenburgerlaan, 11/08/2023 15:44:06
https://pararius.com/apartment-for-rent/haarlem/d02fc53e/waddenstraat, 24/08/2023 18:11:39
https://pararius.com/apartment-for-rent/haarlem/a5e04136/laurens-reaellaan, 24/08/2023 18:11:39
https://pararius.com/apartment-for-rent/haarlem/ccca1349/grote-houtstraat, 24/08/2023 18:11:39
https://pararius.com/room-for-rent/haarlem/e1e6777c/schotlandstraat, 24/08/2023 18:11:39
https://pararius.com/apartment-for-rent/haarlem/db2078c8/kedoestraat, 24/08/2023 18:11:39
https://pararius.com/apartment-for-rent/haarlem/25428265/waddenstraat, 24/08/2023 18:11:39
https://pararius.com/apartment-for-rent/haarlem/a966af54/pieter-van-musschenbroekstraat, 24/08/2023 18:11:39
https://pararius.com/apartment-for-rent/haarlem/eb8b63dc/max-euweplein, 24/08/2023 18:11:39
https://pararius.com/apartment-for-rent/haarlem/12dafc9f/gedempte-oude-gracht, 24/08/2023 18:11:39
https://pararius.com/apartment-for-rent/haarlem/ef327644/zijhuizen, 24/08/2023 18:11:39
https://pararius.com/apartment-for-rent/haarlem/641ac410/lange-herenstraat, 24/08/2023 18:11:39
https://pararius.com/room-for-rent/haarlem/e99e5cff/schotlandstraat, 24/08/2023 18:11:39
https://pararius.com/apartment-for-rent/haarlem/b4f1ffdd/zuiderstraat, 24/08/2023 18:11:39
https://pararius.com/apartment-for-rent/haarlem/b10b5daa/robert-kochlaan, 24/08/2023 18:11:39
https://pararius.com/house-for-rent/haarlem/df9d93df/spaarnhovenstraat, 24/08/2023 18:11:39
https://pararius.com/apartment-for-rent/haarlem/dc6da10b/nieuwe-gracht, 24/08/2023 18:11:39
https://pararius.com/apartment-for-rent/haarlem/43fae263/narcisplantsoen, 24/08/2023 18:11:39
https://pararius.com/apartment-for-rent/haarlem/9398494d/prins-bernhardlaan, 24/08/2023 18:11:39
https://pararius.com/house-for-rent/haarlem/c98ee122/scheepersstraat, 24/08/2023 18:11:39
https://pararius.com/apartment-for-rent/haarlem/3d2c1ce6/zuider-buiten-spaarne, 24/08/2023 18:11:39
https://pararius.com/apartment-for-rent/haarlem/98484bf6/barteljorisstraat, 24/08/2023 18:11:39
https://pararius.com/studio-for-rent/haarlem/768e976e/drapenierstraat, 24/08/2023 18:11:39
https://pararius.com/apartment-for-rent/haarlem/155bdff8/ceramstraat, 24/08/2023 18:11:39
https://pararius.com/apartment-for-rent/haarlem/eb5e8bab/tugelastraat, 24/08/2023 18:11:39
https://pararius.com/apartment-for-rent/haarlem/ef5bd55e/p-c-boutensstraat, 24/08/2023 18:11:39
https://pararius.com/apartment-for-rent/haarlem/b7f45178/ruslandstraat, 24/08/2023 18:11:39
https://pararius.com/house-for-rent/haarlem/72c6ded7/prinses-amaliaplaats, 24/08/2023 18:11:39
https://pararius.com/apartment-for-rent/haarlem/d7feaf68/lange-herenstraat, 24/08/2023 18:11:39
https://pararius.com/apartment-for-rent/haarlem/691c9e7a/rijksstraatweg, 24/08/2023 18:11:39
https://pararius.com/apartment-for-rent/haarlem/acd8fc18/schotlandstraat, 28/08/2023 17:02:39
https://pararius.com/apartment-for-rent/bloemendaal/5555a7f1/hendrik-van-der-graaflaan, 28/08/2023 17:02:39
https://pararius.com/apartment-for-rent/haarlem/8221874d/ripperdapark, 28/08/2023 17:02:39
https://pararius.com/apartment-for-rent/haarlem/9fc57630/grote-houtstraat, 28/08/2023 17:02:39
https://pararius.com/apartment-for-rent/haarlem/cdcdcade/saenredamstraat, 28/08/2023 17:02:39
https://pararius.com/apartment-for-rent/haarlem/e8cef8e2/narcisplantsoen, 28/08/2023 17:02:39
https://pararius.com/apartment-for-rent/zandvoort/3f8ae2c9/galileistate, 28/08/2023 17:02:39
https://pararius.com/apartment-for-rent/haarlem/f3dddd28/anthony-fokkerlaan, 28/08/2023 17:02:39
https://pararius.com/apartment-for-rent/ijmuiden/b35ca725/fidelishof, 28/08/2023 17:41:06
https://pararius.com/apartment-for-rent/haarlem/4d9fa03f/mauritsstraat, 28/08/2023 17:43:56
https://pararius.com/apartment-for-rent/haarlem/3bfe56cd/maerten-van-heemskerckstraat, 28/08/2023 17:45:40
https://pararius.com/apartment-for-rent/zandvoort/852877e9/dr-smitstraat, 28/08/2023 17:45:40
https://pararius.com/apartment-for-rent/zandvoort/46bfd5c2/dorpsplein, 28/08/2023 17:45:40
https://pararius.com/house-for-rent/hoofddorp/ec2476c7/fortweg, 28/08/2023 17:45:40
https://pararius.com/apartment-for-rent/heemstede/6be7cae3/johan-wagenaarlaan, 28/08/2023 17:45:40
https://pararius.com/apartment-for-rent/santpoort-zuid/a75877d9/bloemendaalsestraatweg, 28/08/2023 17:45:40
https://pararius.com/house-for-rent/zwanenburg/7085a804/lijnderdijk, 28/08/2023 18:01:03
